label,mae,avg_wait,pct_over_5min,mae_delta_pct
1. Baseline (naive POS estimate),6.551414857337728,2.5171800045469874,21.683528475616686,0.0
2. Denoised FOR (static median),3.7921571575110837,3.1096053248560143,23.945663294304875,42.11697411798331
3. EMA Denoised FOR (adaptive),3.753076462192148,3.0881906515110917,23.88314198022053,42.71349710072748
4. KitchenPulse Full (KLI),3.6567709521618186,1.9175417893181266,16.585199499829486,44.183492699044166
5a. Baseline (adversarial data),6.551414857337728,2.5171800045469874,21.683528475616686,0.0
5b. KitchenPulse Full (adversarial),4.557492127734392,3.0187430256528476,20.506991019665797,30.434994165727414
